INSERT INTO Salary(id, salary, hourly_rate) VALUES (0, '100', '500');
INSERT INTO Salary(id, salary, hourly_rate) VALUES (1, '101', '501');
INSERT INTO Salary(id, salary, hourly_rate) VALUES (2, '102', '502');
INSERT INTO Salary(id, salary, hourly_rate) VALUES (3, '103', '503');
INSERT INTO Salary(id, salary, hourly_rate) VALUES (4, '104', '504');
INSERT INTO Salary(id, salary, hourly_rate) VALUES (5, '105', '505');
INSERT INTO Salary(id, salary, hourly_rate) VALUES (6, '106', '506');
INSERT INTO Salary(id, salary, hourly_rate) VALUES (7, '107', '507');
INSERT INTO Salary(id, salary, hourly_rate) VALUES (8, '108', '508');
INSERT INTO Salary(id, salary, hourly_rate) VALUES (9, '109', '509');
INSERT INTO Salary(id, salary, hourly_rate) VALUES (10, '1010.0', '5010.0');
INSERT INTO Salary(id, salary, hourly_rate) VALUES (11, '1011.0', '5011.0');
INSERT INTO Salary(id, salary, hourly_rate) VALUES (12, '1012.0', '5012.0');
INSERT INTO Salary(id, salary, hourly_rate) VALUES (13, '1013.0', '5013.0');
INSERT INTO Salary(id, salary, hourly_rate) VALUES (14, '1014.0', '5014.0');
INSERT INTO Salary(id, salary, hourly_rate) VALUES (15, '1015.0', '5015.0');
INSERT INTO Salary(id, salary, hourly_rate) VALUES (16, '1016.0', '5016.0');
INSERT INTO Salary(id, salary, hourly_rate) VALUES (17, '1017.0', '5017.0');
INSERT INTO Salary(id, salary, hourly_rate) VALUES (18, '1018.0', '5018.0');
INSERT INTO Salary(id, salary, hourly_rate) VALUES (19, '1019.0', '5019.0');
INSERT INTO Salary(id, salary, hourly_rate) VALUES (20, '1020.0', '5020.0');
INSERT INTO Salary(id, salary, hourly_rate) VALUES (21, '1021.0', '5021.0');
INSERT INTO Salary(id, salary, hourly_rate) VALUES (22, '1022.0', '5022.0');
INSERT INTO Salary(id, salary, hourly_rate) VALUES (23, '1023.0', '5023.0');
INSERT INTO Salary(id, salary, hourly_rate) VALUES (24, '1024.0', '5024.0');
INSERT INTO Salary(id, salary, hourly_rate) VALUES (25, '1025.0', '5025.0');
INSERT INTO Salary(id, salary, hourly_rate) VALUES (26, '1026.0', '5026.0');
INSERT INTO Salary(id, salary, hourly_rate) VALUES (27, '1027.0', '5027.0');
INSERT INTO Salary(id, salary, hourly_rate) VALUES (28, '1028.0', '5028.0');
INSERT INTO Salary(id, salary, hourly_rate) VALUES (29, '1029.0', '5029.0');
INSERT INTO Salary(id, salary, hourly_rate) VALUES (30, '1030.0', '5030.0');
INSERT INTO Salary(id, salary, hourly_rate) VALUES (31, '1031.0', '5031.0');
INSERT INTO Salary(id, salary, hourly_rate) VALUES (32, '1032.0', '5032.0');
INSERT INTO Salary(id, salary, hourly_rate) VALUES (33, '1033.0', '5033.0');
INSERT INTO Salary(id, salary, hourly_rate) VALUES (34, '1034.0', '5034.0');
INSERT INTO Salary(id, salary, hourly_rate) VALUES (35, '1035.0', '5035.0');
INSERT INTO Salary(id, salary, hourly_rate) VALUES (36, '1036.0', '5036.0');
INSERT INTO Salary(id, salary, hourly_rate) VALUES (37, '1037.0', '5037.0');
INSERT INTO Salary(id, salary, hourly_rate) VALUES (38, '1038.0', '5038.0');
INSERT INTO Salary(id, salary, hourly_rate) VALUES (39, '1039.0', '5039.0');
INSERT INTO Salary(id, salary, hourly_rate) VALUES (40, '1040.0', '5040.0');
INSERT INTO Salary(id, salary, hourly_rate) VALUES (41, '1041.0', '5041.0');
INSERT INTO Salary(id, salary, hourly_rate) VALUES (42, '1042.0', '5042.0');
INSERT INTO Salary(id, salary, hourly_rate) VALUES (43, '1043.0', '5043.0');
INSERT INTO Salary(id, salary, hourly_rate) VALUES (44, '1044.0', '5044.0');
INSERT INTO Salary(id, salary, hourly_rate) VALUES (45, '1045.0', '5045.0');
INSERT INTO Salary(id, salary, hourly_rate) VALUES (46, '1046.0', '5046.0');
INSERT INTO Salary(id, salary, hourly_rate) VALUES (47, '1047.0', '5047.0');
INSERT INTO Salary(id, salary, hourly_rate) VALUES (48, '1048.0', '5048.0');
INSERT INTO Salary(id, salary, hourly_rate) VALUES (49, '1049.0', '5049.0');

INSERT INTO JobInfo(id, contract_type, job_title) VALUES (0, 'contract0', 'Admin0');
INSERT INTO JobInfo(id, contract_type, job_title) VALUES (1, 'contract1', 'Admin1');
INSERT INTO JobInfo(id, contract_type, job_title) VALUES (2, 'contract2', 'Admin2');
INSERT INTO JobInfo(id, contract_type, job_title) VALUES (3, 'contract3', 'Admin3');
INSERT INTO JobInfo(id, contract_type, job_title) VALUES (4, 'contract4', 'Admin4');
INSERT INTO JobInfo(id, contract_type, job_title) VALUES (5, 'contract5', 'Admin5');
INSERT INTO JobInfo(id, contract_type, job_title) VALUES (6, 'contract6', 'Admin6');
INSERT INTO JobInfo(id, contract_type, job_title) VALUES (7, 'contract7', 'Admin7');
INSERT INTO JobInfo(id, contract_type, job_title) VALUES (8, 'contract8', 'Admin8');
INSERT INTO JobInfo(id, contract_type, job_title) VALUES (9, 'contract9', 'Admin9');
INSERT INTO JobInfo(id, contract_type, job_title) VALUES (10, 'contract10', 'Admin10');
INSERT INTO JobInfo(id, contract_type, job_title) VALUES (11, 'contract11', 'Admin11');
INSERT INTO JobInfo(id, contract_type, job_title) VALUES (12, 'contract12', 'Admin12');
INSERT INTO JobInfo(id, contract_type, job_title) VALUES (13, 'contract13', 'Admin13');
INSERT INTO JobInfo(id, contract_type, job_title) VALUES (14, 'contract14', 'Admin14');
INSERT INTO JobInfo(id, contract_type, job_title) VALUES (15, 'contract15', 'Admin15');
INSERT INTO JobInfo(id, contract_type, job_title) VALUES (16, 'contract16', 'Admin16');
INSERT INTO JobInfo(id, contract_type, job_title) VALUES (17, 'contract17', 'Admin17');
INSERT INTO JobInfo(id, contract_type, job_title) VALUES (18, 'contract18', 'Admin18');
INSERT INTO JobInfo(id, contract_type, job_title) VALUES (19, 'contract19', 'Admin19');
INSERT INTO JobInfo(id, contract_type, job_title) VALUES (20, 'contract20', 'Admin20');
INSERT INTO JobInfo(id, contract_type, job_title) VALUES (21, 'contract21', 'Admin21');
INSERT INTO JobInfo(id, contract_type, job_title) VALUES (22, 'contract22', 'Admin22');
INSERT INTO JobInfo(id, contract_type, job_title) VALUES (23, 'contract23', 'Admin23');
INSERT INTO JobInfo(id, contract_type, job_title) VALUES (24, 'contract24', 'Admin24');
INSERT INTO JobInfo(id, contract_type, job_title) VALUES (25, 'contract25', 'Admin25');
INSERT INTO JobInfo(id, contract_type, job_title) VALUES (26, 'contract26', 'Admin26');
INSERT INTO JobInfo(id, contract_type, job_title) VALUES (27, 'contract27', 'Admin27');
INSERT INTO JobInfo(id, contract_type, job_title) VALUES (28, 'contract28', 'Admin28');
INSERT INTO JobInfo(id, contract_type, job_title) VALUES (29, 'contract29', 'Admin29');
INSERT INTO JobInfo(id, contract_type, job_title) VALUES (30, 'contract30', 'Admin30');
INSERT INTO JobInfo(id, contract_type, job_title) VALUES (31, 'contract31', 'Admin31');
INSERT INTO JobInfo(id, contract_type, job_title) VALUES (32, 'contract32', 'Admin32');
INSERT INTO JobInfo(id, contract_type, job_title) VALUES (33, 'contract33', 'Admin33');
INSERT INTO JobInfo(id, contract_type, job_title) VALUES (34, 'contract34', 'Admin34');
INSERT INTO JobInfo(id, contract_type, job_title) VALUES (35, 'contract35', 'Admin35');
INSERT INTO JobInfo(id, contract_type, job_title) VALUES (36, 'contract36', 'Admin36');
INSERT INTO JobInfo(id, contract_type, job_title) VALUES (37, 'contract37', 'Admin37');
INSERT INTO JobInfo(id, contract_type, job_title) VALUES (38, 'contract38', 'Admin38');
INSERT INTO JobInfo(id, contract_type, job_title) VALUES (39, 'contract39', 'Admin39');
INSERT INTO JobInfo(id, contract_type, job_title) VALUES (40, 'contract40', 'Admin40');
INSERT INTO JobInfo(id, contract_type, job_title) VALUES (41, 'contract41', 'Admin41');
INSERT INTO JobInfo(id, contract_type, job_title) VALUES (42, 'contract42', 'Admin42');
INSERT INTO JobInfo(id, contract_type, job_title) VALUES (43, 'contract43', 'Admin43');
INSERT INTO JobInfo(id, contract_type, job_title) VALUES (44, 'contract44', 'Admin44');
INSERT INTO JobInfo(id, contract_type, job_title) VALUES (45, 'contract45', 'Admin45');
INSERT INTO JobInfo(id, contract_type, job_title) VALUES (46, 'contract46', 'Admin46');
INSERT INTO JobInfo(id, contract_type, job_title) VALUES (47, 'contract47', 'Admin47');
INSERT INTO JobInfo(id, contract_type, job_title) VALUES (48, 'contract48', 'Admin48');
INSERT INTO JobInfo(id, contract_type, job_title) VALUES (49, 'contract49', 'Admin49');

INSERT INTO Employee(id, staff_number, first_name, last_name, id_Salary, id_JobInfo) VALUES (0, 10, 'tom0', 'costa0', 0, 0);
INSERT INTO Employee(id, staff_number, first_name, last_name, id_Salary, id_JobInfo) VALUES (1, 11, 'tom1', 'costa1', 1, 1);
INSERT INTO Employee(id, staff_number, first_name, last_name, id_Salary, id_JobInfo) VALUES (2, 12, 'tom2', 'costa2', 2, 2);
INSERT INTO Employee(id, staff_number, first_name, last_name, id_Salary, id_JobInfo) VALUES (3, 13, 'tom3', 'costa3', 3, 3);
INSERT INTO Employee(id, staff_number, first_name, last_name, id_Salary, id_JobInfo) VALUES (4, 14, 'tom4', 'costa4', 4, 4);
INSERT INTO Employee(id, staff_number, first_name, last_name, id_Salary, id_JobInfo) VALUES (5, 15, 'tom5', 'costa5', 5, 5);
INSERT INTO Employee(id, staff_number, first_name, last_name, id_Salary, id_JobInfo) VALUES (6, 16, 'tom6', 'costa6', 6, 6);
INSERT INTO Employee(id, staff_number, first_name, last_name, id_Salary, id_JobInfo) VALUES (7, 17, 'tom7', 'costa7', 7, 7);
INSERT INTO Employee(id, staff_number, first_name, last_name, id_Salary, id_JobInfo) VALUES (8, 18, 'tom8', 'costa8', 8, 8);
INSERT INTO Employee(id, staff_number, first_name, last_name, id_Salary, id_JobInfo) VALUES (9, 19, 'tom9', 'costa9', 9, 9);
INSERT INTO Employee(id, staff_number, first_name, last_name, id_Salary, id_JobInfo) VALUES (10, 110, 'tom10', 'costa10', 10, 10);
INSERT INTO Employee(id, staff_number, first_name, last_name, id_Salary, id_JobInfo) VALUES (11, 111, 'tom11', 'costa11', 11, 11);
INSERT INTO Employee(id, staff_number, first_name, last_name, id_Salary, id_JobInfo) VALUES (12, 112, 'tom12', 'costa12', 12, 12);
INSERT INTO Employee(id, staff_number, first_name, last_name, id_Salary, id_JobInfo) VALUES (13, 113, 'tom13', 'costa13', 13, 13);
INSERT INTO Employee(id, staff_number, first_name, last_name, id_Salary, id_JobInfo) VALUES (14, 114, 'tom14', 'costa14', 14, 14);
INSERT INTO Employee(id, staff_number, first_name, last_name, id_Salary, id_JobInfo) VALUES (15, 115, 'tom15', 'costa15', 15, 15);
INSERT INTO Employee(id, staff_number, first_name, last_name, id_Salary, id_JobInfo) VALUES (16, 116, 'tom16', 'costa16', 16, 16);
INSERT INTO Employee(id, staff_number, first_name, last_name, id_Salary, id_JobInfo) VALUES (17, 117, 'tom17', 'costa17', 17, 17);
INSERT INTO Employee(id, staff_number, first_name, last_name, id_Salary, id_JobInfo) VALUES (18, 118, 'tom18', 'costa18', 18, 18);
INSERT INTO Employee(id, staff_number, first_name, last_name, id_Salary, id_JobInfo) VALUES (19, 119, 'tom19', 'costa19', 19, 19);
INSERT INTO Employee(id, staff_number, first_name, last_name, id_Salary, id_JobInfo) VALUES (20, 120, 'tom20', 'costa20', 20, 20);
INSERT INTO Employee(id, staff_number, first_name, last_name, id_Salary, id_JobInfo) VALUES (21, 121, 'tom21', 'costa21', 21, 21);
INSERT INTO Employee(id, staff_number, first_name, last_name, id_Salary, id_JobInfo) VALUES (22, 122, 'tom22', 'costa22', 22, 22);
INSERT INTO Employee(id, staff_number, first_name, last_name, id_Salary, id_JobInfo) VALUES (23, 123, 'tom23', 'costa23', 23, 23);
INSERT INTO Employee(id, staff_number, first_name, last_name, id_Salary, id_JobInfo) VALUES (24, 124, 'tom24', 'costa24', 24, 24);
INSERT INTO Employee(id, staff_number, first_name, last_name, id_Salary, id_JobInfo) VALUES (25, 125, 'tom25', 'costa25', 25, 25);
INSERT INTO Employee(id, staff_number, first_name, last_name, id_Salary, id_JobInfo) VALUES (26, 126, 'tom26', 'costa26', 26, 26);
INSERT INTO Employee(id, staff_number, first_name, last_name, id_Salary, id_JobInfo) VALUES (27, 127, 'tom27', 'costa27', 27, 27);
INSERT INTO Employee(id, staff_number, first_name, last_name, id_Salary, id_JobInfo) VALUES (28, 128, 'tom28', 'costa28', 28, 28);
INSERT INTO Employee(id, staff_number, first_name, last_name, id_Salary, id_JobInfo) VALUES (29, 129, 'tom29', 'costa29', 29, 29);
INSERT INTO Employee(id, staff_number, first_name, last_name, id_Salary, id_JobInfo) VALUES (30, 130, 'tom30', 'costa30', 30, 30);
INSERT INTO Employee(id, staff_number, first_name, last_name, id_Salary, id_JobInfo) VALUES (31, 131, 'tom31', 'costa31', 31, 31);
INSERT INTO Employee(id, staff_number, first_name, last_name, id_Salary, id_JobInfo) VALUES (32, 132, 'tom32', 'costa32', 32, 32);
INSERT INTO Employee(id, staff_number, first_name, last_name, id_Salary, id_JobInfo) VALUES (33, 133, 'tom33', 'costa33', 33, 33);
INSERT INTO Employee(id, staff_number, first_name, last_name, id_Salary, id_JobInfo) VALUES (34, 134, 'tom34', 'costa34', 34, 34);
INSERT INTO Employee(id, staff_number, first_name, last_name, id_Salary, id_JobInfo) VALUES (35, 135, 'tom35', 'costa35', 35, 35);
INSERT INTO Employee(id, staff_number, first_name, last_name, id_Salary, id_JobInfo) VALUES (36, 136, 'tom36', 'costa36', 36, 36);
INSERT INTO Employee(id, staff_number, first_name, last_name, id_Salary, id_JobInfo) VALUES (37, 137, 'tom37', 'costa37', 37, 37);
INSERT INTO Employee(id, staff_number, first_name, last_name, id_Salary, id_JobInfo) VALUES (38, 138, 'tom38', 'costa38', 38, 38);
INSERT INTO Employee(id, staff_number, first_name, last_name, id_Salary, id_JobInfo) VALUES (39, 139, 'tom39', 'costa39', 39, 39);
INSERT INTO Employee(id, staff_number, first_name, last_name, id_Salary, id_JobInfo) VALUES (40, 140, 'tom40', 'costa40', 40, 40);
INSERT INTO Employee(id, staff_number, first_name, last_name, id_Salary, id_JobInfo) VALUES (41, 141, 'tom41', 'costa41', 41, 41);
INSERT INTO Employee(id, staff_number, first_name, last_name, id_Salary, id_JobInfo) VALUES (42, 142, 'tom42', 'costa42', 42, 42);
INSERT INTO Employee(id, staff_number, first_name, last_name, id_Salary, id_JobInfo) VALUES (43, 143, 'tom43', 'costa43', 43, 43);
INSERT INTO Employee(id, staff_number, first_name, last_name, id_Salary, id_JobInfo) VALUES (44, 144, 'tom44', 'costa44', 44, 44);
INSERT INTO Employee(id, staff_number, first_name, last_name, id_Salary, id_JobInfo) VALUES (45, 145, 'tom45', 'costa45', 45, 45);
INSERT INTO Employee(id, staff_number, first_name, last_name, id_Salary, id_JobInfo) VALUES (46, 146, 'tom46', 'costa46', 46, 46);
INSERT INTO Employee(id, staff_number, first_name, last_name, id_Salary, id_JobInfo) VALUES (47, 147, 'tom47', 'costa47', 47, 47);
INSERT INTO Employee(id, staff_number, first_name, last_name, id_Salary, id_JobInfo) VALUES (48, 148, 'tom48', 'costa48', 48, 48);
INSERT INTO Employee(id, staff_number, first_name, last_name, id_Salary, id_JobInfo) VALUES (49, 149, 'tom49', 'costa49', 49, 49);